Temperature,XGB_AUC,XGB_Accuracy
0.1,0.9952675184287655,0.9875444839857651
0.3,0.995029132542884,0.989010989010989
0.5,0.9981601731601732,0.9890510948905109
0.7,0.9971159824842238,0.9836363636363636
0.9,0.994977985690699,0.9798534798534798
1.1,0.9931371580922288,0.9756554307116105
