Temperature,XGB_AUC,XGB_Accuracy
0.1,0.9981971052587238,0.9816326530612245
0.3,0.9984945078975256,0.9816326530612245
0.5,0.9994729907773388,0.991701244813278
0.7,0.9951200952822074,0.9776422764227642
0.9,0.9984114766716342,0.9798387096774194
1.1,0.9977884392445022,0.9767932489451476
