Temperature,XGB_AUC,XGB_Accuracy
0.1,0.9992108043431219,0.9911032028469751
0.3,0.9915723108594956,0.9731182795698925
0.5,0.9929434833649393,0.96415770609319
0.7,0.9878195604283008,0.9553571428571429
0.9,0.9844785957919748,0.9464285714285714
1.1,0.9843862851439903,0.9492753623188406
