Temperature,XGB_AUC,XGB_Accuracy
0.1,0.9460342864871566,0.889261744966443
0.3,0.9494438827098078,0.8833333333333333
0.5,0.9409096502119758,0.8862876254180602
0.7,0.957710641229347,0.8933333333333333
0.9,0.946677185302059,0.8833333333333333
1.1,0.9458960443126504,0.8779264214046822
