Temperature,XGB_AUC,XGB_Accuracy
0.1,0.8727872736503639,0.7818791946308725
0.3,0.8909487883198702,0.81
0.5,0.9033600373337481,0.8266666666666667
0.7,0.8799764441827131,0.7883333333333333
0.9,0.8900932232580362,0.7966666666666666
1.1,0.8905932288136534,0.8083333333333333
