Temperature,XGB_AUC,XGB_Accuracy
0.1,0.9627198739826726,0.9206081081081081
0.3,0.9567875623782688,0.9186440677966101
0.5,0.9508114391477067,0.889261744966443
0.7,0.9476573773448774,0.860738255033557
0.9,0.9526716963521816,0.8983333333333333
1.1,0.9674523447288348,0.9113712374581939
