Temperature,XGB_AUC,XGB_Accuracy
0.1,0.9725323837993084,0.9370229007633588
0.3,0.9628882793387206,0.9061302681992337
0.5,0.9757253266270012,0.9140625
0.7,0.9767320456409875,0.9285714285714286
0.9,0.9733861110321498,0.9171374764595104
1.1,0.9508150908244061,0.8806262230919765
