Temperature,XGB_AUC,XGB_Accuracy
0.1,0.9712577448175815,0.9209558823529411
0.3,0.9405580294082037,0.8571428571428571
0.5,0.9471973655952466,0.8595505617977528
0.7,0.930870378521127,0.8629629629629629
0.9,0.9348566951752955,0.871841155234657
1.1,0.9532384105960264,0.8913043478260869
