Temperature,XGB_AUC,XGB_Accuracy
0.1,0.9864006875901076,0.9460966542750929
0.3,0.985918453131568,0.9280575539568345
0.5,0.9824481074481075,0.9349442379182156
0.7,0.9731148399104312,0.9238095238095239
0.9,0.9734591365734456,0.9246323529411765
1.1,0.9717557909239645,0.9265536723163842
